feature,oldvalue,newvalue
local_authority_highway,-1,
road_type, ,
road_type,,
second_road_class,-1,
second_road_number, ,
second_road_number,,
weather_conditions, ,
weather_conditions,,
lsoa_of_accident_location,-1,
first_road_number,first_road_class is C or Unclassified. These roads do not have official numbers so recorded as zero ,0
second_road_number,first_road_class is C or Unclassified. These roads do not have official numbers so recorded as zero ,0
did_police_officer_attend_scene_of_accident,No - accident was reported using a self completion  form (self rep only),No
local_authority_highway,,Suffolk
second_road_class,,No road
lsoa_of_accident_location,,M01000000
number_of_vehicles,>5,5
police_force,Gwent,rare
police_force,Grampian,rare
police_force,Central,rare
police_force,Fife,rare
police_force,Northern,rare
police_force,Tayside,rare
police_force,City of London,rare
police_force,Dumfries and Galloway,rare
accident_severity,Fatal,rare
local_authority_highway,Coventry,rare
local_authority_highway,Waltham Forest,rare
local_authority_highway,Havering,rare
local_authority_highway,Northumberland,rare
local_authority_highway,Hammersmith and Fulham,rare
local_authority_highway,Shropshire,rare
local_authority_highway,Hillingdon,rare
local_authority_highway,Central Bedfordshire,rare
local_authority_highway,Newcastle upon Tyne,rare
local_authority_highway,Stoke-on-Trent,rare
local_authority_highway,Greenwich,rare
local_authority_highway,Sandwell,rare
local_authority_highway,Medway,rare
local_authority_highway,Milton Keynes,rare
local_authority_highway,Portsmouth,rare
local_authority_highway,Rotherham,rare
local_authority_highway,Peterborough,rare
local_authority_highway,Plymouth,rare
local_authority_highway,Cardiff,rare
local_authority_highway,Southampton ,rare
local_authority_highway,Barnsley,rare
local_authority_highway,Walsall,rare
local_authority_highway,Derby,rare
local_authority_highway,Luton,rare
local_authority_highway,Barking and Dagenham,rare
local_authority_highway,Sunderland,rare
local_authority_highway,Swindon,rare
local_authority_highway,Merton,rare
local_authority_highway,Warrington,rare
local_authority_highway,York,rare
local_authority_highway,Dudley,rare
local_authority_highway,Wolverhampton,rare
local_authority_highway,North Lanarkshire,rare
local_authority_highway,Wirral,rare
local_authority_highway,Bexley,rare
local_authority_highway,Sefton,rare
local_authority_highway,South Lanarkshire,rare
local_authority_highway,Fife,rare
local_authority_highway,Swansea,rare
local_authority_highway,Richmond upon Thames,rare
local_authority_highway,Slough,rare
local_authority_highway,Blackburn with Darwen,rare
local_authority_highway,Gateshead,rare
local_authority_highway,North Lincolnshire,rare
local_authority_highway,Blackpool,rare
local_authority_highway,Harrow,rare
local_authority_highway,Bournemouth,rare
local_authority_highway,Calderdale,rare
local_authority_highway,North East Lincolnshire,rare
local_authority_highway,Carmarthenshire,rare
local_authority_highway,Bedford,rare
local_authority_highway,South Gloucestershire,rare
local_authority_highway,Thurrock,rare
local_authority_highway,"Herefordshire, County of ",rare
local_authority_highway,"Rhondda, Cynon, Taff",rare
local_authority_highway,Powys,rare
local_authority_highway,Highland,rare
local_authority_highway,City of London,rare
local_authority_highway,North Tyneside,rare
local_authority_highway,Bolton,rare
local_authority_highway,Windsor and Maidenhead,rare
local_authority_highway,Sutton,rare
local_authority_highway,Southend-on-Sea,rare
local_authority_highway,Isle of Wight,rare
local_authority_highway,West Lothian,rare
local_authority_highway,North Somerset,rare
local_authority_highway,Aberdeenshire,rare
local_authority_highway,Poole,rare
local_authority_highway,Reading,rare
local_authority_highway,West Berkshire,rare
local_authority_highway,Solihull,rare
local_authority_highway,Salford,rare
local_authority_highway,Renfrewshire,rare
local_authority_highway,St. Helens,rare
local_authority_highway,Kingston upon Thames,rare
local_authority_highway,Torbay,rare
local_authority_highway,Dumfries & Galloway,rare
local_authority_highway,Stockton-on-Tees,rare
local_authority_highway,Middlesbrough,rare
local_authority_highway,Telford and Wrekin,rare
local_authority_highway,Pembrokeshire,rare
local_authority_highway,Oldham,rare
local_authority_highway,Halton,rare
local_authority_highway,Wokingham,rare
local_authority_highway,South Tyneside,rare
local_authority_highway,Bridgend,rare
local_authority_highway,Knowsley,rare
local_authority_highway,Wigan,rare
local_authority_highway,Falkirk,rare
local_authority_highway,Rochdale,rare
local_authority_highway,Stockport,rare
local_authority_highway,Bath and North East Somerset,rare
local_authority_highway,Neath Port Talbot,rare
local_authority_highway,Tameside,rare
local_authority_highway,Darlington,rare
local_authority_highway,Newport,rare
local_authority_highway,Flintshire,rare
local_authority_highway,South Ayrshire,rare
local_authority_highway,Scottish Borders,rare
local_authority_highway,Trafford,rare
local_authority_highway,Bracknell Forest,rare
local_authority_highway,Wrexham,rare
local_authority_highway,Ceredigion,rare
local_authority_highway,Denbighshire,rare
local_authority_highway,North Ayrshire,rare
local_authority_highway,Bury,rare
local_authority_highway,Conwy,rare
local_authority_highway,East Ayrshire,rare
local_authority_highway,The Vale of Glamorgan,rare
local_authority_highway,Stirling,rare
local_authority_highway,Gwynedd,rare
local_authority_highway,Perth and Kinross,rare
local_authority_highway,Aberdeen City,rare
local_authority_highway,Argyll & Bute,rare
local_authority_highway,Midlothian,rare
local_authority_highway,East Lothian,rare
local_authority_highway,Redcar and Cleveland,rare
local_authority_highway,Caerphilly,rare
local_authority_highway,Dundee City,rare
local_authority_highway,West Dunbartonshire,rare
local_authority_highway,Hartlepool,rare
local_authority_highway,Inverclyde,rare
local_authority_highway,Angus,rare
local_authority_highway,Torfaen,rare
local_authority_highway,East Renfrewshire,rare
local_authority_highway,Monmouthshire,rare
local_authority_highway,East Dunbartonshire,rare
local_authority_highway,Merthyr Tydfil,rare
local_authority_highway,Rutland,rare
local_authority_highway,Blaenau Gwent,rare
local_authority_highway,Clackmannanshire,rare
local_authority_highway,Isle of Anglesey,rare
local_authority_highway,Moray,rare
local_authority_highway,London Airport (Heathrow),rare
local_authority_highway,Shetland Islands,rare
local_authority_highway,Na h-Eileanan an Iar (Western Isles),rare
local_authority_highway,Orkney Islands,rare
first_road_class,Motorway,rare
first_road_class,A(M),rare
road_type,One way street,rare
road_type,Slip road,rare
junction_detail,Private drive or entrance,rare
junction_detail,Other junction,rare
junction_detail,Slip road,rare
junction_detail,Mini-roundabout,rare
junction_detail,More than 4 arms (not roundabout),rare
junction_detail,unknown (self reported),rare
junction_control,Stop sign,rare
junction_control,Authorised person,rare
junction_control,unknown (self reported),rare
second_road_class,C,rare
second_road_class,B,rare
second_road_class,Motorway,rare
second_road_class,A(M),rare
pedestrian_crossing_human_control,Control by other authorised person,rare
pedestrian_crossing_human_control,Control by school crossing patrol,rare
pedestrian_crossing_physical_facilities,Zebra,rare
pedestrian_crossing_physical_facilities,Central refuge,rare
pedestrian_crossing_physical_facilities,Footbridge or subway,rare
pedestrian_crossing_physical_facilities,unknown (self reported),rare
light_conditions,Darkness - lighting unknown,rare
light_conditions,Darkness - lights unlit,rare
weather_conditions,Other,rare
weather_conditions,Raining + high winds,rare
weather_conditions,Fine + high winds,rare
weather_conditions,Fog or mist,rare
weather_conditions,Snowing no high winds,rare
weather_conditions,Snowing + high winds,rare
road_surface_conditions,Frost or ice,rare
road_surface_conditions,Snow,rare
road_surface_conditions,Flood over 3cm. deep,rare
road_surface_conditions,unknown (self reported),rare
special_conditions_at_site,Roadworks,rare
special_conditions_at_site,Mud,rare
special_conditions_at_site,Oil or diesel,rare
special_conditions_at_site,Road surface defective,rare
special_conditions_at_site,Auto traffic signal - out,rare
special_conditions_at_site,Road sign or marking defective or obscured,rare
special_conditions_at_site,unknown (self reported),rare
special_conditions_at_site,Auto signal part defective,rare
carriageway_hazards,Other object on road,rare
carriageway_hazards,Any animal in carriageway (except ridden horse),rare
carriageway_hazards,Pedestrian in carriageway - not injured,rare
carriageway_hazards,Vehicle load on road,rare
carriageway_hazards,Previous accident,rare
carriageway_hazards,unknown (self reported),rare
first_road_class,Unclassified,0
first_road_class,Motorway,1
first_road_class,C,2
first_road_class,B,3
first_road_class,A(M),4
first_road_class,A,5
second_road_class,Unclassified,0
second_road_class,Motorway,1
second_road_class,C,2
second_road_class,B,3
second_road_class,A(M),4
second_road_class,A,5
light_conditions,Daylight,0
light_conditions,Darkness - lights lit,1
light_conditions,Darkness - no lighting,2
light_conditions,Darkness - lighting unknown,3
accident_severity,Slight,0
accident_severity,Serious,1
accident_severity,rare,2
day_of_week,Friday,16.53443612852958
day_of_week,Thursday,15.3222604304797
day_of_week,Wednesday,15.284052173000997
day_of_week,Tuesday,14.697443043475003
day_of_week,Monday,14.110833913949012
day_of_week,Saturday,13.032761707834192
day_of_week,Sunday,11.018212602731516
road_type,Single carriageway,75.26801968849033
road_type,Dual carriageway,14.902718779733142
road_type,Roundabout,6.4961529528989574
road_type,rare,3.3331085788775763
junction_detail,Not at junction or within 20 metres,41.530128334794234
junction_detail,T or staggered junction,31.428913911551632
junction_detail,Crossroads,9.706395762629327
junction_detail,rare,8.732459787681957
junction_detail,Roundabout,8.602102203342849
junction_control,Give way or uncontrolled,47.23214887735149
junction_control,Not at junction or within 20 metres,41.529379153275045
junction_control,Auto traffic signal,10.520006892469977
junction_control,rare,0.7184650769034829
pedestrian_crossing_human_control,None within 50 metres ,99.25156766232891
pedestrian_crossing_human_control,rare,0.7484323376710943
pedestrian_crossing_physical_facilities,No physical crossing facilities within 50 metres,81.11313390121292
pedestrian_crossing_physical_facilities,Pedestrian phase at traffic signal junction,7.507548003805842
pedestrian_crossing_physical_facilities,rare,5.776938694476284
pedestrian_crossing_physical_facilities,"Pelican, puffin, toucan or similar non-junction pedestrian light crossing",5.602379400504948
weather_conditions,Fine no high winds,84.58858696873665
weather_conditions,Raining no high winds,10.89459765206512
weather_conditions,rare,4.516815379198226
road_surface_conditions,Dry,72.97852096584482
road_surface_conditions,Wet or damp,25.235430292405546
road_surface_conditions,rare,1.7860487417496387
special_conditions_at_site,None,97.79740633358057
special_conditions_at_site,rare,2.2025936664194368
carriageway_hazards,None,98.35329902081975
carriageway_hazards,rare,1.6467009791802454
urban_or_rural_area,Rural,1
urban_or_rural_area,Urban,2
did_police_officer_attend_scene_of_accident,No,1
did_police_officer_attend_scene_of_accident,Yes,2
trunk_road_flag,Non-trunk,1
trunk_road_flag,Trunk (Roads managed by Highways England),2
